path,true_label,pred_label
data/test/daisy/1140299375_3aa7024466.jpg,daisy,rose
data/test/daisy/34638378196_216d5bbc2e_n.jpg,daisy,dandelion
data/test/daisy/16819071290_471d99e166_m.jpg,daisy,dandelion
data/test/daisy/7538403124_f2fc48750a.jpg,daisy,dandelion
data/test/daisy/7227973870_806d9d3e42_n.jpg,daisy,rose
data/test/daisy/18203367608_07a04e98a4_n.jpg,daisy,dandelion
data/test/daisy/4117918318_3c8935289b_m.jpg,daisy,dandelion
data/test/daisy/33838292353_8b143f7980_n.jpg,daisy,dandelion
data/test/daisy/4065883015_4bb6010cb7_n.jpg,daisy,dandelion
data/test/daisy/5054771689_00dd40b971_n.jpg,daisy,dandelion
data/test/daisy/5796562389_ae43c83317_m.jpg,daisy,dandelion
data/test/daisy/13826249325_f61cb15f86_n.jpg,daisy,rose
data/test/daisy/12891819633_e4c82b51e8.jpg,daisy,dandelion
data/test/daisy/5869147563_66fb88119d.jpg,daisy,dandelion
data/test/daisy/4993492878_11fd4f5d12.jpg,daisy,dandelion
data/test/daisy/5876455546_32049e5585.jpg,daisy,dandelion
data/test/daisy/4278442064_a5a598524b_m.jpg,daisy,dandelion
data/test/daisy/7630520686_e3a61ac763.jpg,daisy,dandelion
data/test/daisy/5997702776_c7bc37aa6b_n.jpg,daisy,dandelion
data/test/daisy/538920244_59899a78f8_n.jpg,daisy,dandelion
data/test/daisy/4407065098_ef25f1ccac_n.jpg,daisy,dandelion
data/test/daisy/4413849849_b8d2f3bcf1_n.jpg,daisy,dandelion
data/test/daisy/3379332157_04724f6480.jpg,daisy,dandelion
data/test/daisy/5881907044_92a85a05c8_n.jpg,daisy,dandelion
data/test/daisy/33836936163_2dce95ee4d_n.jpg,daisy,sunflower
data/test/daisy/2578695910_5ab8ee17c1_n.jpg,daisy,dandelion
data/test/daisy/6095817094_3a5b1d793d.jpg,daisy,dandelion
data/test/daisy/5110107234_12ddc0206b_m.jpg,daisy,rose
data/test/daisy/6323721068_3d3394af6d_n.jpg,daisy,dandelion
data/test/daisy/14707111433_cce08ee007.jpg,daisy,dandelion
data/test/daisy/34696730346_5f0c131e59_n.jpg,daisy,dandelion
data/test/daisy/5626784099_b36dd3fb11_n.jpg,daisy,dandelion
data/test/daisy/33872893913_72d64a9b85_n.jpg,daisy,dandelion
data/test/daisy/2454280137_e1637536ae_n.jpg,daisy,dandelion
data/test/daisy/17357636476_1953c07aa4_n.jpg,daisy,dandelion
data/test/daisy/10172379554_b296050f82_n.jpg,daisy,rose
data/test/daisy/34508227161_a9ff840f71_n.jpg,daisy,sunflower
data/test/daisy/5874818796_3efbb8769d.jpg,daisy,rose
data/test/daisy/22244161124_53e457bb66_n.jpg,daisy,rose
data/test/daisy/517054463_036db655a1_m.jpg,daisy,rose
data/test/daisy/16025261368_911703a536_n.jpg,daisy,dandelion
data/test/daisy/16482676953_5296227d40_n.jpg,daisy,dandelion
data/test/daisy/16291797949_a1b1b7c2bd_n.jpg,daisy,dandelion
data/test/daisy/6480809771_b1e14c5cc2_m.jpg,daisy,dandelion
data/test/daisy/33806101464_5eca772954_n.jpg,daisy,dandelion
data/test/daisy/9346508462_f0af3163f4.jpg,daisy,rose
data/test/daisy/144099102_bf63a41e4f_n.jpg,daisy,dandelion
data/test/daisy/176375506_201859bb92_m.jpg,daisy,dandelion
data/test/daisy/3084924076_4d5c5711af_m.jpg,daisy,rose
data/test/daisy/11124324295_503f3a0804.jpg,daisy,rose
data/test/daisy/2481823240_eab0d86921.jpg,daisy,dandelion
data/test/daisy/7416083788_fcb4c4f27e_n.jpg,daisy,dandelion
data/test/daisy/4222584034_8964cbd3de.jpg,daisy,dandelion
data/test/daisy/15029936576_8d6f96c72c_n.jpg,daisy,dandelion
data/test/daisy/7410356270_9dff4d0e2e_n.jpg,daisy,dandelion
data/test/daisy/8706810197_17b6c1f1e7.jpg,daisy,dandelion
data/test/daisy/7357072446_c21c38c863_n.jpg,daisy,dandelion
data/test/daisy/14402451388_56545a374a_n.jpg,daisy,dandelion
data/test/daisy/305160642_53cde0f44f.jpg,daisy,dandelion
data/test/daisy/8383753520_8391dd80ee_m.jpg,daisy,dandelion
data/test/daisy/1355787476_32e9f2a30b.jpg,daisy,rose
data/test/daisy/34729724865_787c98299d_n.jpg,daisy,dandelion
data/test/daisy/5434914569_e9b982fde0_n.jpg,daisy,rose
data/test/daisy/19653086178_28156b7ce4_m.jpg,daisy,dandelion
data/test/daisy/33843400403_db00aa16b8_n.jpg,daisy,dandelion
data/test/daisy/9529916092_de70623523_n.jpg,daisy,dandelion
data/test/daisy/3711723108_65247a3170.jpg,daisy,dandelion
data/test/daisy/8008258043_5457dd254b_n.jpg,daisy,tulip
data/test/daisy/15760153042_a2a90e9da5_m.jpg,daisy,dandelion
data/test/daisy/172882635_4cc7b86731_m.jpg,daisy,dandelion
data/test/daisy/9467543719_c4800becbb_m.jpg,daisy,dandelion
data/test/daisy/9120905231_329598304e.jpg,daisy,dandelion
data/test/daisy/34590677231_0ed33ccd55_n.jpg,daisy,dandelion
data/test/daisy/3764116502_f394428ee0_n.jpg,daisy,dandelion
data/test/daisy/8382667241_0f046cecdb_n.jpg,daisy,dandelion
data/test/daisy/5896103923_075a988bed_n.jpg,daisy,dandelion
data/test/daisy/33859244503_eeeca6a397_n.jpg,daisy,dandelion
data/test/daisy/2561352120_7961d8263f.jpg,daisy,dandelion
data/test/daisy/9515186037_3be48fe68f.jpg,daisy,dandelion
data/test/daisy/2573240560_ff7ffdd449.jpg,daisy,dandelion
data/test/daisy/33802431204_7c58f4e21b_n.jpg,daisy,dandelion
data/test/daisy/9496209717_25a6ebdab6_m.jpg,daisy,dandelion
data/test/daisy/21402054779_759366efb0_n.jpg,daisy,dandelion
data/test/daisy/5512287917_9f5d3f0f98_n.jpg,daisy,dandelion
data/test/daisy/2539552964_921cf645ba_n.jpg,daisy,dandelion
data/test/daisy/33809956124_b49dcddf8f_n.jpg,daisy,dandelion
data/test/daisy/9922116524_ab4a2533fe_n.jpg,daisy,dandelion
data/test/daisy/13491959645_2cd9df44d6_n.jpg,daisy,dandelion
data/test/daisy/6529588249_d9cbe68aab_n.jpg,daisy,dandelion
data/test/daisy/5794835_d15905c7c8_n.jpg,daisy,dandelion
data/test/daisy/33855966243_01b2486428_n.jpg,daisy,sunflower
data/test/daisy/5811226952_4650ed70ae_n.jpg,daisy,dandelion
data/test/daisy/14523675369_97c31d0b5b.jpg,daisy,dandelion
data/test/daisy/8446495985_f72d851482.jpg,daisy,dandelion
data/test/daisy/4440480869_632ce6aff3_n.jpg,daisy,dandelion
data/test/daisy/18635898912_eb8e058ef0.jpg,daisy,tulip
data/test/daisy/14485782498_fb342ec301.jpg,daisy,dandelion
data/test/daisy/5981645737_29eceac291_m.jpg,daisy,dandelion
data/test/daisy/34326606950_41ff8997d7_n.jpg,daisy,rose
data/test/daisy/4563059851_45a9d21a75.jpg,daisy,tulip
data/test/daisy/10172567486_2748826a8b.jpg,daisy,rose
data/test/daisy/3285641623_da0e47f49a.jpg,daisy,dandelion
data/test/daisy/4131565290_0585c4dd5a_n.jpg,daisy,dandelion
data/test/daisy/5896110423_e084b33401_n.jpg,daisy,dandelion
data/test/daisy/17027891179_3edc08f4f6.jpg,daisy,dandelion
data/test/daisy/4511693548_20f9bd2b9c_m.jpg,daisy,dandelion
data/test/daisy/4657354814_f368762c53_m.jpg,daisy,dandelion
data/test/daisy/3415180846_d7b5cced14_m.jpg,daisy,dandelion
data/test/daisy/5722473541_ffac1ae67e_n.jpg,daisy,dandelion
data/test/daisy/34637970155_a2b917077c_n.jpg,daisy,dandelion
data/test/daisy/8932490012_cc08e690ba_n.jpg,daisy,dandelion
data/test/daisy/5896674046_a4879f718e_n.jpg,daisy,sunflower
data/test/daisy/5673728_71b8cb57eb.jpg,daisy,rose
data/test/daisy/33911247013_82a1acfcea_n.jpg,daisy,tulip
data/test/daisy/34300874850_923cc2881c_n.jpg,daisy,tulip
data/test/daisy/8882282142_9be2524d38_m.jpg,daisy,dandelion
data/test/daisy/147068564_32bb4350cc.jpg,daisy,dandelion
data/test/daisy/14147016029_8d3cf2414e.jpg,daisy,dandelion
data/test/daisy/5896679822_5f60d35c33_n.jpg,daisy,sunflower
data/test/daisy/286875003_f7c0e1882d.jpg,daisy,dandelion
data/test/daisy/1374193928_a52320eafa.jpg,daisy,tulip
data/test/daisy/2536529152_33ef3ee078_n.jpg,daisy,rose
data/test/daisy/11834945233_a53b7a92ac_m.jpg,daisy,dandelion
data/test/daisy/11870378973_2ec1919f12.jpg,daisy,dandelion
data/test/daisy/3386988684_bc5a66005e.jpg,daisy,dandelion
data/test/daisy/163978992_8128b49d3e_n.jpg,daisy,dandelion
data/test/daisy/8719756744_34a5a83976_n.jpg,daisy,dandelion
data/test/daisy/14332947164_9b13513c71_m.jpg,daisy,dandelion
data/test/daisy/4581199679_867652c3f1_n.jpg,daisy,dandelion
data/test/daisy/16527403771_2391f137c4_n.jpg,daisy,dandelion
data/test/daisy/5795159787_ebb51a5e75.jpg,daisy,dandelion
data/test/daisy/3450822975_7e77d67636_n.jpg,daisy,dandelion
data/test/daisy/16121105382_b96251e506_m.jpg,daisy,dandelion
data/test/daisy/3025866885_22fb0b61c6_n.jpg,daisy,rose
data/test/daisy/5109508979_68e3530791_m.jpg,daisy,rose
data/test/daisy/14167543177_cd36b54ac6_n.jpg,daisy,dandelion
data/test/daisy/34531542152_c8ba2e0fea_n.jpg,daisy,dandelion
data/test/daisy/34693373736_9ce6d9e1c3_n.jpg,daisy,dandelion
data/test/daisy/33887503434_a2762228f4_n.jpg,daisy,dandelion
data/test/daisy/5434913005_409c1e8b56_n.jpg,daisy,rose
data/test/daisy/34571214621_f655295459_n.jpg,daisy,sunflower
data/test/daisy/19813618946_93818db7aa_m.jpg,daisy,dandelion
data/test/daisy/34682895116_88ef018e83_n.jpg,daisy,dandelion
data/test/daisy/16360180712_b72695928c_n.jpg,daisy,dandelion
data/test/daisy/5434901893_4550be3f84_m.jpg,daisy,rose
data/test/daisy/3468498624_d082f99e98.jpg,daisy,dandelion
data/test/daisy/144603918_b9de002f60_m.jpg,daisy,tulip
data/test/daisy/14272874304_47c0a46f5a.jpg,daisy,dandelion
data/test/daisy/3504430338_77d6a7fab4_n.jpg,daisy,rose
data/test/daisy/5739768868_9f982684f9_n.jpg,daisy,dandelion
data/test/daisy/14600779226_7bbc288d40_m.jpg,daisy,rose
data/test/daisy/33830843653_ee6d7989fa_n.jpg,daisy,dandelion
data/test/dandelion/674407101_57676c40fb.jpg,dandelion,dandelion
data/test/dandelion/8980145452_efbd6e3b04.jpg,dandelion,dandelion
data/test/dandelion/6994925894_030e157fe0.jpg,dandelion,dandelion
data/test/dandelion/5446666484_365f3be83a_n.jpg,dandelion,dandelion
data/test/dandelion/33886931523_4499a65b72_n.jpg,dandelion,dandelion
data/test/dandelion/3533167406_e9f4cf10bb_m.jpg,dandelion,dandelion
data/test/dandelion/2457473644_5242844e52_m.jpg,dandelion,dandelion
data/test/dandelion/2478018280_1be353ca8c_m.jpg,dandelion,dandelion
data/test/dandelion/4575406391_7a62c5f90f_n.jpg,dandelion,dandelion
data/test/dandelion/17466568484_9128287148.jpg,dandelion,dandelion
data/test/dandelion/34571582172_efa4946a45_n.jpg,dandelion,dandelion
data/test/dandelion/8981659922_7b1be892e7_m.jpg,dandelion,dandelion
data/test/dandelion/5772194932_60b833091f.jpg,dandelion,dandelion
data/test/dandelion/14469481104_d0e29f7ffd.jpg,dandelion,dandelion
data/test/dandelion/6103898045_e066cdeedf_n.jpg,dandelion,dandelion
data/test/dandelion/26741270544_f44f3a1b19_n.jpg,dandelion,dandelion
data/test/dandelion/5003160931_cf8cbb846f.jpg,dandelion,dandelion
data/test/dandelion/9613826015_f345354874.jpg,dandelion,dandelion
data/test/dandelion/14202166370_e989588332.jpg,dandelion,dandelion
data/test/dandelion/2462476884_58c617b26a.jpg,dandelion,dandelion
data/test/dandelion/15821571649_06c4b9a868_n.jpg,dandelion,rose
data/test/dandelion/18111636378_856027a7b8_n.jpg,dandelion,dandelion
data/test/dandelion/9472854850_fc9e1db673.jpg,dandelion,dandelion
data/test/dandelion/23414449869_ee849a80d4.jpg,dandelion,dandelion
data/test/dandelion/17243540220_65b98eb926_n.jpg,dandelion,dandelion
data/test/dandelion/8716513637_2ba0c4e6cd_n.jpg,dandelion,dandelion
data/test/dandelion/5675705011_82729927ca_n.jpg,dandelion,dandelion
data/test/dandelion/4632757134_40156d7d5b.jpg,dandelion,dandelion
data/test/dandelion/5629940298_634f35125c.jpg,dandelion,dandelion
data/test/dandelion/9517326597_5d116a0166.jpg,dandelion,dandelion
data/test/dandelion/33878004304_a7c823115b_n.jpg,dandelion,dandelion
data/test/dandelion/8168031302_6e36f39d87.jpg,dandelion,dandelion
data/test/dandelion/3464015936_6845f46f64.jpg,dandelion,dandelion
data/test/dandelion/14171812905_8b81d50eb9_n.jpg,dandelion,dandelion
data/test/dandelion/8475769_3dea463364_m.jpg,dandelion,sunflower
data/test/dandelion/14396023703_11c5dd35a9.jpg,dandelion,sunflower
data/test/dandelion/17135145776_4c2ec21b05_m.jpg,dandelion,dandelion
data/test/dandelion/33071081032_a6a1e4b311_n.jpg,dandelion,dandelion
data/test/dandelion/34678209886_9005f29b47_n.jpg,dandelion,dandelion
data/test/dandelion/33913495873_b582be4fdf_n.jpg,dandelion,dandelion
data/test/dandelion/7099259755_1c66420206_n.jpg,dandelion,dandelion
data/test/dandelion/14375349004_68d893254a_n.jpg,dandelion,dandelion
data/test/dandelion/2598486434_bf349854f2_m.jpg,dandelion,sunflower
data/test/dandelion/16650892835_9228a3ef67_m.jpg,dandelion,dandelion
data/test/dandelion/33904560113_497239a68f_n.jpg,dandelion,dandelion
data/test/dandelion/34540904752_ae86e5f6ce_n.jpg,dandelion,dandelion
data/test/dandelion/6888894675_524a6accab_n.jpg,dandelion,rose
data/test/dandelion/463736819_f779800165.jpg,dandelion,dandelion
data/test/dandelion/27186992702_449dfa54ef_n.jpg,dandelion,dandelion
data/test/dandelion/5598014250_684c28bd5c_n.jpg,dandelion,sunflower
data/test/dandelion/34311470786_5b2b5bea1d_n.jpg,dandelion,sunflower
data/test/dandelion/3383422012_6c9d83671f_n.jpg,dandelion,dandelion
data/test/dandelion/18876985840_7531dc8e6a.jpg,dandelion,dandelion
data/test/dandelion/14278605962_d3cce5522f.jpg,dandelion,dandelion
data/test/dandelion/4489359360_09db62f825.jpg,dandelion,sunflower
data/test/dandelion/16159487_3a6615a565_n.jpg,dandelion,sunflower
data/test/dandelion/17322195031_c2680809dc_m.jpg,dandelion,dandelion
data/test/dandelion/19437578578_6ab1b3c984.jpg,dandelion,rose
data/test/dandelion/9853885425_4a82356f1d_m.jpg,dandelion,dandelion
data/test/dandelion/5715788902_9dd2b4ef1d.jpg,dandelion,sunflower
data/test/dandelion/34728513735_ebb4b179eb_n.jpg,dandelion,rose
data/test/dandelion/2335702923_decb9a860b_m.jpg,dandelion,dandelion
data/test/dandelion/33882910234_dd8f1479e3_n.jpg,dandelion,dandelion
data/test/dandelion/2634666217_d5ef87c9f7_m.jpg,dandelion,dandelion
data/test/dandelion/9595369280_dd88b61814.jpg,dandelion,dandelion
data/test/dandelion/16744522344_8d21b1530d_n.jpg,dandelion,sunflower
data/test/dandelion/8707349105_6d06b543b0.jpg,dandelion,dandelion
data/test/dandelion/5673112305_02fe19297b_n.jpg,dandelion,dandelion
data/test/dandelion/2600382379_5791b0b35a_m.jpg,dandelion,dandelion
data/test/dandelion/2387025546_6aecb1b984_n.jpg,dandelion,dandelion
data/test/dandelion/13290033_ebd7c7abba_n.jpg,dandelion,rose
data/test/dandelion/14021281124_89cc388eac_n.jpg,dandelion,dandelion
data/test/dandelion/1241011700_261ae180ca.jpg,dandelion,dandelion
data/test/dandelion/8969938579_4c2032dd96_n.jpg,dandelion,dandelion
data/test/dandelion/5873232330_59818dee03_n.jpg,dandelion,dandelion
data/test/dandelion/14003401241_543535b385.jpg,dandelion,dandelion
data/test/dandelion/7153497513_076486e26b_n.jpg,dandelion,dandelion
data/test/dandelion/14048849371_ec9dbafaeb_m.jpg,dandelion,dandelion
data/test/dandelion/4573886524_5161482ca7_n.jpg,dandelion,dandelion
data/test/dandelion/19551343814_48f764535f_m.jpg,dandelion,dandelion
data/test/dandelion/8831808134_315aedb37b.jpg,dandelion,dandelion
data/test/dandelion/3393060921_2328b752f4.jpg,dandelion,dandelion
data/test/dandelion/136999986_e410a68efb_n.jpg,dandelion,dandelion
data/test/dandelion/5605093210_5fecb71c61.jpg,dandelion,dandelion
data/test/dandelion/5757012454_c37f305b73.jpg,dandelion,dandelion
data/test/dandelion/14065420729_9b388bf7cb_m.jpg,dandelion,dandelion
data/test/dandelion/8681169825_19a21c6bf5_m.jpg,dandelion,dandelion
data/test/dandelion/33199895303_9858f0a258_n.jpg,dandelion,dandelion
data/test/dandelion/14292205986_da230467ef.jpg,dandelion,sunflower
data/test/dandelion/14060367700_fe87e99b6a_m.jpg,dandelion,dandelion
data/test/dandelion/16699732794_5bfd639cf8_n.jpg,dandelion,dandelion
data/test/dandelion/34549305152_15f407a771_n.jpg,dandelion,dandelion
data/test/dandelion/4650752466_ed088e0d85_n.jpg,dandelion,sunflower
data/test/dandelion/4275776457_d04b597cfa_n.jpg,dandelion,dandelion
data/test/dandelion/16510864164_3afa8ac37f.jpg,dandelion,dandelion
data/test/dandelion/4953240903_a121fba81f_m.jpg,dandelion,dandelion
data/test/dandelion/6012046444_fd80afb63a_n.jpg,dandelion,dandelion
data/test/dandelion/2229906591_e953785d13.jpg,dandelion,dandelion
data/test/dandelion/2462379970_6bd5560f4c_m.jpg,dandelion,sunflower
data/test/dandelion/18243351371_5fda92ac0a_n.jpg,dandelion,dandelion
data/test/dandelion/29138994986_267e0e36c9_n.jpg,dandelion,dandelion
data/test/dandelion/7249354462_21925f7d95_n.jpg,dandelion,dandelion
data/test/dandelion/8689302980_9bd2f7b9fe_n.jpg,dandelion,dandelion
data/test/dandelion/7083589767_2859993846_n.jpg,dandelion,dandelion
data/test/dandelion/10779476016_9130714dc0.jpg,dandelion,dandelion
data/test/dandelion/18243329421_771b4d938e.jpg,dandelion,dandelion
data/test/dandelion/3518608454_c3fd3c311c_m.jpg,dandelion,dandelion
data/test/dandelion/34323484476_6406ee1e37_n.jpg,dandelion,dandelion
data/test/dandelion/8720503800_cab5c62a34.jpg,dandelion,dandelion
data/test/dandelion/4645161319_c308fc31ef_n.jpg,dandelion,dandelion
data/test/dandelion/34700475225_fbc12d0834_n.jpg,dandelion,dandelion
data/test/dandelion/8681420404_6ae114f036_n.jpg,dandelion,dandelion
data/test/dandelion/19440660848_c789227129_m.jpg,dandelion,dandelion
data/test/dandelion/19506262462_d0945c14a6.jpg,dandelion,dandelion
data/test/dandelion/6019234426_d25ea1230a_m.jpg,dandelion,dandelion
data/test/dandelion/16237158409_01913cf918_n.jpg,dandelion,rose
data/test/dandelion/34587720941_ccbbc420ec_n.jpg,dandelion,dandelion
data/test/dandelion/142390525_5d81a3659d_m.jpg,dandelion,sunflower
data/test/dandelion/3419176626_512811d3ff.jpg,dandelion,dandelion
data/test/dandelion/8757650550_113d7af3bd.jpg,dandelion,dandelion
data/test/dandelion/8632704230_ccafc5f7e2.jpg,dandelion,dandelion
data/test/dandelion/17122969189_0ec37cb6c9.jpg,dandelion,rose
data/test/dandelion/7262863194_682209e9fb.jpg,dandelion,dandelion
data/test/dandelion/34729107795_c746845e17_n.jpg,dandelion,dandelion
data/test/dandelion/11595255065_d9550012fc.jpg,dandelion,dandelion
data/test/dandelion/34724303275_b9494837aa_n.jpg,dandelion,dandelion
data/test/dandelion/4523862714_b41b459c88.jpg,dandelion,dandelion
data/test/dandelion/8642679391_0805b147cb_m.jpg,dandelion,dandelion
data/test/dandelion/13900486390_5a25785645_n.jpg,dandelion,dandelion
data/test/dandelion/7184780734_3baab127c2_m.jpg,dandelion,dandelion
data/test/dandelion/18232119726_cef27eaaac_n.jpg,dandelion,dandelion
data/test/dandelion/7243478942_30bf542a2d_m.jpg,dandelion,dandelion
data/test/dandelion/5607256228_2294c201b3.jpg,dandelion,dandelion
data/test/dandelion/7465850028_cdfaae235a_n.jpg,dandelion,dandelion
data/test/dandelion/19397467530_1e8131a7cf.jpg,dandelion,dandelion
data/test/dandelion/9011235009_58c7b244c1_n.jpg,dandelion,dandelion
data/test/dandelion/19812060274_c432f603db.jpg,dandelion,dandelion
data/test/dandelion/2479491210_98e41c4e7d_m.jpg,dandelion,dandelion
data/test/dandelion/15819121091_26a5243340_n.jpg,dandelion,dandelion
data/test/dandelion/34537877932_f9a3476a4d_n.jpg,dandelion,dandelion
data/test/dandelion/6900157914_c3387c11d8.jpg,dandelion,rose
data/test/dandelion/468749497_951c571eff_n.jpg,dandelion,dandelion
data/test/dandelion/22196426956_eca94f6faa_m.jpg,dandelion,dandelion
data/test/dandelion/14455605089_8bbfb41cd7_n.jpg,dandelion,dandelion
data/test/dandelion/8727612532_6f3d0904aa_n.jpg,dandelion,dandelion
data/test/dandelion/5129135346_3fa8e804d8_n.jpg,dandelion,dandelion
data/test/dandelion/16766166609_ccb8344c9f_m.jpg,dandelion,dandelion
data/test/dandelion/5608832856_f5d49de778.jpg,dandelion,dandelion
data/test/dandelion/2467980325_237b14c737_m.jpg,dandelion,dandelion
data/test/dandelion/8749577087_dc2521615f_n.jpg,dandelion,dandelion
data/test/dandelion/5644234724_cb0917ee33_m.jpg,dandelion,dandelion
data/test/dandelion/13887031789_97437f246b.jpg,dandelion,dandelion
data/test/dandelion/10777398353_5a20bb218c.jpg,dandelion,dandelion
data/test/dandelion/3539077354_c67aa7168d_m.jpg,dandelion,dandelion
data/test/dandelion/34719957845_c929f480a3_n.jpg,dandelion,sunflower
data/test/dandelion/34662996866_af256e8f10_n.jpg,dandelion,dandelion
data/test/dandelion/5647842237_b1c5196718_n.jpg,dandelion,dandelion
data/test/dandelion/6208857436_14a65fe4af_n.jpg,dandelion,dandelion
data/test/dandelion/3991962484_085ba2da94.jpg,dandelion,dandelion
data/test/dandelion/141935731_d26d600f4f_m.jpg,dandelion,dandelion
data/test/dandelion/34604698981_89d8741b10_n.jpg,dandelion,tulip
data/test/dandelion/9939430464_5f5861ebab.jpg,dandelion,dandelion
data/test/dandelion/4624036600_11a4744254_n.jpg,dandelion,dandelion
data/test/dandelion/34334194690_0dfe3d8701_n.jpg,dandelion,dandelion
data/test/dandelion/15219268336_f2460fca88_m.jpg,dandelion,dandelion
data/test/dandelion/34727715205_62c9c1ac44_n.jpg,dandelion,dandelion
data/test/dandelion/14376454225_a1de336c5b.jpg,dandelion,dandelion
data/test/dandelion/7148085703_b9e8bcd6ca_n.jpg,dandelion,dandelion
data/test/dandelion/34732908685_a219574ffe_n.jpg,dandelion,dandelion
data/test/dandelion/2628514700_b6d5325797_n.jpg,dandelion,dandelion
data/test/dandelion/34527583252_79aafda601_n.jpg,dandelion,dandelion
data/test/dandelion/1386449001_5d6da6bde6.jpg,dandelion,dandelion
data/test/dandelion/17831860736_3e44667bbb_n.jpg,dandelion,sunflower
data/test/dandelion/3761310831_41b5eba622_n.jpg,dandelion,dandelion
data/test/dandelion/14805304536_c321a7b061_n.jpg,dandelion,dandelion
data/test/dandelion/16817037661_2980d823e1_n.jpg,dandelion,dandelion
data/test/dandelion/7950892504_33142110c2.jpg,dandelion,rose
data/test/dandelion/506659320_6fac46551e.jpg,dandelion,dandelion
data/test/dandelion/6132275522_ce46b33c33_m.jpg,dandelion,dandelion
data/test/dandelion/18238604119_a5689980ee_n.jpg,dandelion,sunflower
data/test/dandelion/16242239484_51286673af.jpg,dandelion,dandelion
data/test/dandelion/1195255751_d58b3d3076.jpg,dandelion,dandelion
data/test/dandelion/7226987694_34552c3115_n.jpg,dandelion,dandelion
data/test/dandelion/8719388716_1a392c4c0e_n.jpg,dandelion,dandelion
data/test/dandelion/14335561523_f847f2f4f1.jpg,dandelion,rose
data/test/dandelion/34550871222_a9d795a2c0_n.jpg,dandelion,dandelion
data/test/dandelion/315645471_dda66c6338_m.jpg,dandelion,dandelion
data/test/dandelion/14053184940_7ced69250f_n.jpg,dandelion,dandelion
data/test/dandelion/8980266062_8387f6cc89.jpg,dandelion,dandelion
data/test/dandelion/8963359346_65ca69c59d_n.jpg,dandelion,dandelion
data/test/dandelion/33914172633_592a6eb74f_n.jpg,dandelion,rose
data/test/dandelion/17619402434_15b2ec2d79.jpg,dandelion,dandelion
data/test/dandelion/506660896_c903cca1f0.jpg,dandelion,rose
data/test/dandelion/6044710875_0459796d1b_m.jpg,dandelion,dandelion
data/test/dandelion/19961979110_fcd8092388_m.jpg,dandelion,dandelion
data/test/dandelion/5598845098_13e8e9460f.jpg,dandelion,sunflower
data/test/dandelion/151385301_153eacf6b5_n.jpg,dandelion,dandelion
data/test/dandelion/4265711814_9a006ee5b8.jpg,dandelion,dandelion
data/test/dandelion/5416388641_c66d52d2ff_m.jpg,dandelion,dandelion
data/test/dandelion/9301891790_971dcfb35d_m.jpg,dandelion,dandelion
data/test/dandelion/16863587471_cc3a6ffb29_m.jpg,dandelion,dandelion
data/test/dandelion/4560663938_3557a1f831.jpg,dandelion,dandelion
data/test/dandelion/14373114081_7922bcf765_n.jpg,dandelion,dandelion
data/test/dandelion/4562516418_8ccb8c103f.jpg,dandelion,dandelion
data/test/dandelion/4164845062_1fd9b3f3b4.jpg,dandelion,dandelion
data/test/dandelion/33909432943_bf810400b7_n.jpg,dandelion,dandelion
data/test/dandelion/8744249948_36cb1969f8_m.jpg,dandelion,dandelion
data/test/dandelion/5600240736_4a90c10579_n.jpg,dandelion,dandelion
data/test/dandelion/10200780773_c6051a7d71_n.jpg,dandelion,dandelion
data/test/dandelion/9029297232_de50698e2f_n.jpg,dandelion,dandelion
data/test/rose/5002455602_4286b34dde_n.jpg,rose,tulip
data/test/rose/7461897058_3c955efe2a_n.jpg,rose,rose
data/test/rose/5349248997_4b23a7344d_n.jpg,rose,rose
data/test/rose/5529341024_0c35f2657d.jpg,rose,tulip
data/test/rose/568715474_bdb64ccc32.jpg,rose,rose
data/test/rose/8667746487_781af9e615_n.jpg,rose,sunflower
data/test/rose/9633056561_6f1b7e8faf_m.jpg,rose,tulip
data/test/rose/5402157745_a384f0583d_n.jpg,rose,rose
data/test/rose/4764674741_82b8f93359_n.jpg,rose,tulip
data/test/rose/5990626258_697f007308_n.jpg,rose,tulip
data/test/rose/5001856089_4cf8e9c818_n.jpg,rose,rose
data/test/rose/4713533500_fcc295de70_n.jpg,rose,rose
data/test/rose/4414135084_1ac7e6cd54.jpg,rose,dandelion
data/test/rose/5570018782_c56bee942f.jpg,rose,rose
data/test/rose/14001990976_bd2da42dbc.jpg,rose,tulip
data/test/rose/5001845289_e5740889b0_n.jpg,rose,rose
data/test/rose/4910094611_8c7170fc95_n.jpg,rose,rose
data/test/rose/17867791274_25bb3f8a41_n.jpg,rose,rose
data/test/rose/13979889721_42a59ca9fa_m.jpg,rose,rose
data/test/rose/9458445402_79e4dfa89c.jpg,rose,dandelion
data/test/rose/5492988531_574cdc2bf0_n.jpg,rose,rose
data/test/rose/18741313803_1bbf842fc6_n.jpg,rose,tulip
data/test/rose/3909587261_f8cd3e7fe7.jpg,rose,dandelion
data/test/rose/2273917656_6d6c038283.jpg,rose,dandelion
data/test/rose/1446097778_97149b8362.jpg,rose,tulip
data/test/rose/5159317458_bbb22e2f65_n.jpg,rose,rose
data/test/rose/18464080946_a624ce6376_n.jpg,rose,rose
data/test/rose/20825078671_90b0389c70_m.jpg,rose,tulip
data/test/rose/18220342690_f1c20134bd.jpg,rose,tulip
data/test/rose/3903276582_fe05bf84c7_n.jpg,rose,rose
data/test/rose/8524505682_bda885af3a_n.jpg,rose,rose
data/test/rose/5001858821_731d128f20_n.jpg,rose,dandelion
data/test/rose/14408977935_a397e796b8_m.jpg,rose,rose
data/test/rose/5002450022_33337e895b_n.jpg,rose,rose
data/test/rose/3451177763_729a4d54af_n.jpg,rose,tulip
data/test/rose/5863698305_04a4277401_n.jpg,rose,tulip
data/test/rose/4279990882_031482f8b6_n.jpg,rose,dandelion
data/test/rose/2325232198_751645d0bb_n.jpg,rose,rose
data/test/rose/5001845055_69f04d9779_n.jpg,rose,rose
data/test/rose/509239741_28e2cfe492_m.jpg,rose,dandelion
data/test/rose/4654893119_45d232016b.jpg,rose,rose
data/test/rose/8273451349_acd4748da6_n.jpg,rose,tulip
data/test/rose/17990320484_93bba345d2_m.jpg,rose,tulip
data/test/rose/3475572132_01ae28e834_n.jpg,rose,tulip
data/test/rose/4503599544_3822e7d1be.jpg,rose,rose
data/test/rose/5061135742_2870a7b691_n.jpg,rose,dandelion
data/test/rose/6125332325_b768e08bd9_n.jpg,rose,rose
data/test/rose/5335946155_be70e11cf2_n.jpg,rose,dandelion
data/test/rose/2501297526_cbd66a3f7e_m.jpg,rose,tulip
data/test/rose/7481118926_43fa291306_n.jpg,rose,rose
data/test/rose/4413509121_a62879598a.jpg,rose,dandelion
data/test/rose/921138131_9e1393eb2b_m.jpg,rose,dandelion
data/test/rose/6879112993_5a29208438_n.jpg,rose,rose
data/test/rose/3621011057_0d03bd171b_n.jpg,rose,tulip
data/test/rose/9702378513_229a96b754_m.jpg,rose,rose
data/test/rose/2607130050_9c34310004.jpg,rose,rose
data/test/rose/6111589202_8b9555364c_m.jpg,rose,rose
data/test/rose/5335937417_74a03b52ec_n.jpg,rose,dandelion
data/test/rose/18376177250_86060cbdc9.jpg,rose,rose
data/test/rose/5001852101_877cb2ae9b_n.jpg,rose,tulip
data/test/rose/15859434664_67bf3ef29f.jpg,rose,rose
data/test/rose/7285188160_49d84b95a3_m.jpg,rose,tulip
data/test/rose/8667101118_87ea757b15.jpg,rose,dandelion
data/test/rose/12572786553_634868f7f2_n.jpg,rose,rose
data/test/rose/14312910041_b747240d56_n.jpg,rose,dandelion
data/test/rose/17291451621_0e39f08b9e_n.jpg,rose,rose
data/test/rose/5001853887_0623dd2111_n.jpg,rose,dandelion
data/test/rose/16152205512_9d6cb80fb6.jpg,rose,tulip
data/test/rose/512578026_f6e6f2ad26.jpg,rose,rose
data/test/rose/5335945309_852d018a27_n.jpg,rose,dandelion
data/test/rose/18302691898_9dc45afae8_n.jpg,rose,tulip
data/test/rose/2949945463_366bc63079_n.jpg,rose,tulip
data/test/rose/4093390305_4010c736c9.jpg,rose,rose
data/test/rose/5694090698_1f0c218250_n.jpg,rose,rose
data/test/rose/12338444334_72fcc2fc58_m.jpg,rose,tulip
data/test/rose/4061451210_1650590c6a.jpg,rose,rose
data/test/rose/4612833069_8e48b47aa4_n.jpg,rose,tulip
data/test/rose/5223191368_01aedb6547_n.jpg,rose,dandelion
data/test/rose/5002456992_4da0df247a_n.jpg,rose,rose
data/test/rose/6969041818_a505baa68e_m.jpg,rose,dandelion
data/test/rose/7420699022_60fa574524_m.jpg,rose,rose
data/test/rose/15681454551_b6f73ce443_n.jpg,rose,tulip
data/test/rose/15222804561_0fde5eb4ae_n.jpg,rose,tulip
data/test/rose/2777518561_105abc8cfc_n.jpg,rose,dandelion
data/test/rose/5349861636_4101a36923_n.jpg,rose,tulip
data/test/rose/18486146942_e09ecd0e25_n.jpg,rose,dandelion
data/test/rose/7471891186_195bb02c98_n.jpg,rose,rose
data/test/rose/5001855107_71351ce785_n.jpg,rose,dandelion
data/test/rose/7471890644_92a004ea92_n.jpg,rose,rose
data/test/rose/2677417735_a697052d2d_n.jpg,rose,rose
data/test/rose/4860145119_b1c3cbaa4e_n.jpg,rose,rose
data/test/rose/6231418894_7946a7712b_n.jpg,rose,rose
data/test/rose/15811380728_5053455c50_n.jpg,rose,rose
data/test/rose/22385375599_1faf334f5d_n.jpg,rose,rose
data/test/rose/6653567281_768a1fd160.jpg,rose,tulip
data/test/rose/2265579414_2e00a8f265_n.jpg,rose,tulip
data/test/rose/15951588433_c0713cbfc6_m.jpg,rose,tulip
data/test/rose/3052753519_d087aaeacb_n.jpg,rose,rose
data/test/rose/6347846935_51e3dc2481_n.jpg,rose,rose
data/test/rose/15978010566_5fa5905af1_n.jpg,rose,rose
data/test/rose/18302793940_8fcc8b4661_n.jpg,rose,rose
data/test/rose/2423565102_2f1a00bb1b_n.jpg,rose,tulip
data/test/rose/18486124712_17ebe7559b_n.jpg,rose,rose
data/test/rose/5182167964_9d1a0be0b8_n.jpg,rose,rose
data/test/rose/14145188939_b4de638bd3_n.jpg,rose,dandelion
data/test/rose/4505921907_21c8002fde.jpg,rose,rose
data/test/rose/5349859602_1ab3356c64_n.jpg,rose,tulip
data/test/rose/4612774939_e26ec1c34d_n.jpg,rose,dandelion
data/test/rose/5335936115_0292d0beef_n.jpg,rose,dandelion
data/test/rose/8949720453_66e8304c30.jpg,rose,tulip
data/test/rose/17165596357_392a12391f.jpg,rose,rose
data/test/rose/27619697563_228f5c4677_n.jpg,rose,rose
data/test/rose/1666341535_99c6f7509f_n.jpg,rose,tulip
data/test/rose/4675532860_890504a4a3_m.jpg,rose,dandelion
data/test/rose/18464052396_6327841e65_n.jpg,rose,dandelion
data/test/rose/4713531680_1110a2fa07_n.jpg,rose,tulip
data/test/rose/5979193298_639e877248.jpg,rose,rose
data/test/rose/8516036987_8a06dfe1b5_n.jpg,rose,rose
data/test/rose/537207677_f96a0507bb.jpg,rose,rose
data/test/rose/33185001420_dc8f571c4f_n.jpg,rose,rose
data/test/rose/14172324538_2147808483_n.jpg,rose,dandelion
data/test/rose/5835539224_75967fc400_m.jpg,rose,tulip
data/test/rose/8125886145_ae99f91fd0.jpg,rose,tulip
data/test/rose/33411423082_8150d9254e_n.jpg,rose,rose
data/test/rose/19823402005_2db025dd66_m.jpg,rose,rose
data/test/rose/466486216_ab13b55763.jpg,rose,rose
data/test/rose/18584002386_cec0df537d_n.jpg,rose,tulip
data/test/rose/909277823_e6fb8cb5c8_n.jpg,rose,rose
data/test/rose/3554620445_082dd0bec4_n.jpg,rose,rose
data/test/rose/12240165555_98625b1e88_n.jpg,rose,tulip
data/test/rose/4608559939_3487bf3b62_n.jpg,rose,dandelion
data/test/rose/18990187093_09f2bff8fc_m.jpg,rose,rose
data/test/rose/1667199972_7ba7d999c1_m.jpg,rose,rose
data/test/rose/353897245_5453f35a8e.jpg,rose,rose
data/test/rose/17869839663_1445f1efd0_n.jpg,rose,tulip
data/test/rose/172311368_49412f881b.jpg,rose,rose
data/test/rose/4363734507_5cc4ed6e01.jpg,rose,rose
data/test/rose/7409458444_0bfc9a0682_n.jpg,rose,tulip
data/test/rose/9160289562_ab2718d19b.jpg,rose,tulip
data/test/rose/33568244695_7ec846bcc6_n.jpg,rose,rose
data/test/rose/7474125638_332be2863e_n.jpg,rose,tulip
data/test/rose/4998708839_c53ee536a8_n.jpg,rose,rose
data/test/rose/3971662839_5cb2963b20_n.jpg,rose,rose
data/test/rose/14870567200_80cda4362e_n.jpg,rose,tulip
data/test/rose/7470985688_c1ee9105fa_n.jpg,rose,rose
data/test/rose/295257304_de893fc94d.jpg,rose,rose
data/test/rose/5002460330_7286e80967_n.jpg,rose,rose
data/test/rose/8674140377_ae7b0be523.jpg,rose,rose
data/test/rose/3630246240_4fee9a33db.jpg,rose,rose
data/test/rose/5336558870_22d0a6a318_n.jpg,rose,rose
data/test/rose/8853083579_dd1dfa3188.jpg,rose,dandelion
data/test/rose/3634244527_e72c47842c_n.jpg,rose,tulip
data/test/rose/8437935944_aab997560a_n.jpg,rose,dandelion
data/test/rose/159079265_d77a9ac920_n.jpg,rose,tulip
data/test/rose/1757822526_fe30b9b3ca_m.jpg,rose,dandelion
data/test/rose/5578766623_542c91dfaa_n.jpg,rose,dandelion
data/test/sunflower/20667988875_6e73ac2879_n.jpg,sunflower,sunflower
data/test/sunflower/23356825566_f5885875f2.jpg,sunflower,sunflower
data/test/sunflower/6606749757_b98a4ba403.jpg,sunflower,dandelion
data/test/sunflower/184682920_97ae41ce60_m.jpg,sunflower,sunflower
data/test/sunflower/15043962658_dcf9dff5e9_n.jpg,sunflower,sunflower
data/test/sunflower/18237215308_a158d49f28_n.jpg,sunflower,sunflower
data/test/sunflower/21374127408_5ffbe87bb2.jpg,sunflower,sunflower
data/test/sunflower/3749090865_b90f28a585_n.jpg,sunflower,sunflower
data/test/sunflower/3815322974_52c12dbde3.jpg,sunflower,sunflower
data/test/sunflower/20704967595_a9c9b8d431.jpg,sunflower,sunflower
data/test/sunflower/15054866658_c1a6223403_m.jpg,sunflower,sunflower
data/test/sunflower/5967284308_85714d8cf7_m.jpg,sunflower,sunflower
data/test/sunflower/4673984698_6ec14d5b79.jpg,sunflower,sunflower
data/test/sunflower/2598973480_07de93e91d_n.jpg,sunflower,sunflower
data/test/sunflower/20905163782_312e2c3bda_n.jpg,sunflower,sunflower
data/test/sunflower/6204049536_1ac4f09232_n.jpg,sunflower,sunflower
data/test/sunflower/8935252770_263d682fe8_n.jpg,sunflower,sunflower
data/test/sunflower/21899501660_7065d1c1fa_n.jpg,sunflower,dandelion
data/test/sunflower/20965412955_2c640b13bd.jpg,sunflower,sunflower
data/test/sunflower/6495559397_61d01c0c57.jpg,sunflower,sunflower
data/test/sunflower/16975010069_7afd290657_m.jpg,sunflower,sunflower
data/test/sunflower/3734999477_7f454081aa_n.jpg,sunflower,sunflower
data/test/sunflower/6141150299_b46a64e4de.jpg,sunflower,sunflower
data/test/sunflower/14741907467_fab96f3b2b_n.jpg,sunflower,sunflower
data/test/sunflower/4746643626_02b2d056a2_n.jpg,sunflower,dandelion
data/test/sunflower/2767658405_1e2043f44c_n.jpg,sunflower,dandelion
data/test/sunflower/9213511121_836a458021_m.jpg,sunflower,dandelion
data/test/sunflower/5970301989_fe3a68aac8_m.jpg,sunflower,sunflower
data/test/sunflower/18828277053_1493158b28.jpg,sunflower,sunflower
data/test/sunflower/9206376642_8348ba5c7a.jpg,sunflower,sunflower
data/test/sunflower/3766264038_ea701c7131_n.jpg,sunflower,sunflower
data/test/sunflower/3893436870_034b79d118_n.jpg,sunflower,sunflower
data/test/sunflower/4745985619_249078cafa_n.jpg,sunflower,rose
data/test/sunflower/200557981_f800fa1af9.jpg,sunflower,sunflower
data/test/sunflower/15460162172_014bcce403.jpg,sunflower,sunflower
data/test/sunflower/7857605684_fc86440c23.jpg,sunflower,sunflower
data/test/sunflower/7369484298_332f69bd88_n.jpg,sunflower,sunflower
data/test/sunflower/164671753_ab36d9cbb7_n.jpg,sunflower,sunflower
data/test/sunflower/2328600790_90e2942557_n.jpg,sunflower,sunflower
data/test/sunflower/6606743797_c90c669757.jpg,sunflower,sunflower
data/test/sunflower/3846717708_ea11383ed8.jpg,sunflower,sunflower
data/test/sunflower/235651658_a7b3e7cbdd.jpg,sunflower,sunflower
data/test/sunflower/7804213238_1d92ae5edb_m.jpg,sunflower,sunflower
data/test/sunflower/15380755137_a2e67839ab_m.jpg,sunflower,sunflower
data/test/sunflower/4623843480_23e3fb8dcc_n.jpg,sunflower,sunflower
data/test/sunflower/14121915990_4b76718077_m.jpg,sunflower,sunflower
data/test/sunflower/6061177447_d8ce96aee0.jpg,sunflower,sunflower
data/test/sunflower/1788133737_b1133d1aa7.jpg,sunflower,sunflower
data/test/sunflower/15218421476_9d5f38e732_m.jpg,sunflower,sunflower
data/test/sunflower/5020805135_1219d7523d.jpg,sunflower,sunflower
data/test/sunflower/10386525695_2c38fea555_n.jpg,sunflower,sunflower
data/test/sunflower/9558628596_722c29ec60_m.jpg,sunflower,sunflower
data/test/sunflower/6265084065_7a8b30cc6e_n.jpg,sunflower,sunflower
data/test/sunflower/6080086410_17a02dcfb8.jpg,sunflower,sunflower
data/test/sunflower/215798357_3f4bfa27b7.jpg,sunflower,sunflower
data/test/sunflower/3946535195_9382dcb951_n.jpg,sunflower,dandelion
data/test/sunflower/5927432662_3ffd2461c2_n.jpg,sunflower,sunflower
data/test/sunflower/21796333524_38fc8e0ab5_n.jpg,sunflower,sunflower
data/test/sunflower/5043409856_395300dbe5_m.jpg,sunflower,sunflower
data/test/sunflower/4872892690_52dc25b0b4.jpg,sunflower,sunflower
data/test/sunflower/4942258704_c4146b710a_n.jpg,sunflower,sunflower
data/test/sunflower/4235259239_21f2eb4f2e.jpg,sunflower,sunflower
data/test/sunflower/13096076565_72c2c60875_n.jpg,sunflower,dandelion
data/test/sunflower/5970300143_36b42437de_n.jpg,sunflower,sunflower
data/test/sunflower/3731075939_6c92d7fe68_m.jpg,sunflower,sunflower
data/test/sunflower/20777358950_c63ea569a1.jpg,sunflower,dandelion
data/test/sunflower/14932787983_d6e05f2434_m.jpg,sunflower,sunflower
data/test/sunflower/3912497870_a2f91c3a65_n.jpg,sunflower,sunflower
data/test/sunflower/5339004958_a0a6f385fd_m.jpg,sunflower,sunflower
data/test/sunflower/2697194548_ec8f8de97c_n.jpg,sunflower,sunflower
data/test/sunflower/20410697750_c43973d1eb.jpg,sunflower,dandelion
data/test/sunflower/5018120483_cc0421b176_m.jpg,sunflower,sunflower
data/test/sunflower/27465811_9477c9d044.jpg,sunflower,sunflower
data/test/sunflower/1485456230_58d8e45e88.jpg,sunflower,sunflower
data/test/sunflower/40411100_7fbe10ec0f_n.jpg,sunflower,dandelion
data/test/sunflower/678714585_addc9aaaef.jpg,sunflower,sunflower
data/test/sunflower/5020805619_6c710793f7.jpg,sunflower,sunflower
data/test/sunflower/15066430311_fb57fa92b0_m.jpg,sunflower,sunflower
data/test/sunflower/14741813010_5d44e33088_n.jpg,sunflower,sunflower
data/test/sunflower/5043409092_5b12cc985a_m.jpg,sunflower,sunflower
data/test/sunflower/164670455_29d8e02bbd_n.jpg,sunflower,sunflower
data/test/sunflower/15054865768_2cc87ac9d4_m.jpg,sunflower,sunflower
data/test/sunflower/5437996076_cf7e2ac32e_n.jpg,sunflower,sunflower
data/test/sunflower/4871455214_8b5fb87ab6_n.jpg,sunflower,sunflower
data/test/sunflower/5526324308_b333da0e57_n.jpg,sunflower,sunflower
data/test/sunflower/6061175433_95fdb12f32_n.jpg,sunflower,dandelion
data/test/sunflower/29972905_4cc537ff4b_n.jpg,sunflower,sunflower
data/test/sunflower/4821232343_7e0bcfbfdf_n.jpg,sunflower,sunflower
data/test/sunflower/23286304156_3635f7de05.jpg,sunflower,sunflower
data/test/sunflower/5223643767_d8beb7e410.jpg,sunflower,sunflower
data/test/sunflower/14814264272_4b39a102f9_n.jpg,sunflower,sunflower
data/test/sunflower/20183028616_beb937e75c_m.jpg,sunflower,sunflower
data/test/sunflower/184682320_73ccf74710.jpg,sunflower,sunflower
data/test/sunflower/3858508462_db2b9692d1.jpg,sunflower,sunflower
data/test/sunflower/6104713425_8a3277e34a.jpg,sunflower,sunflower
data/test/sunflower/3840761441_7c648abf4d_n.jpg,sunflower,sunflower
data/test/sunflower/2883115609_5a69357b5d_m.jpg,sunflower,sunflower
data/test/sunflower/4895718876_0246882882_n.jpg,sunflower,sunflower
data/test/sunflower/147804446_ef9244c8ce_m.jpg,sunflower,sunflower
data/test/sunflower/5937355165_1dc7b2cbf9_n.jpg,sunflower,sunflower
data/test/sunflower/7012364067_5ffc7654c9_m.jpg,sunflower,dandelion
data/test/sunflower/9558627290_353a14ba0b_m.jpg,sunflower,sunflower
data/test/sunflower/5917253022_4e3142d48b_n.jpg,sunflower,sunflower
data/test/sunflower/14623720226_aeeac66e0a_n.jpg,sunflower,sunflower
data/test/sunflower/8014735546_3db46bb1fe_n.jpg,sunflower,rose
data/test/sunflower/29744656500_f17578f7e3_n.jpg,sunflower,rose
data/test/sunflower/22429146402_332fa2fc72_m.jpg,sunflower,sunflower
data/test/sunflower/34692938506_efda47f39a_n.jpg,sunflower,sunflower
data/test/sunflower/6908789145_814d448bb1_n.jpg,sunflower,sunflower
data/test/sunflower/3951246342_930138610b_n.jpg,sunflower,sunflower
data/test/sunflower/9461693602_710f20904f.jpg,sunflower,dandelion
data/test/sunflower/2678588376_6ca64a4a54_n.jpg,sunflower,sunflower
data/test/sunflower/6133988570_9dc778e622_m.jpg,sunflower,sunflower
data/test/sunflower/17433282043_441b0a07f4_n.jpg,sunflower,sunflower
data/test/sunflower/2816503473_580306e772.jpg,sunflower,sunflower
data/test/sunflower/6145005439_ef6e07f9c6_n.jpg,sunflower,sunflower
data/test/sunflower/6958724008_12259943a7.jpg,sunflower,sunflower
data/test/sunflower/15108515192_f686dce398_n.jpg,sunflower,sunflower
data/test/sunflower/7791014076_07a897cb85_n.jpg,sunflower,sunflower
data/test/sunflower/15072973261_73e2912ef2_n.jpg,sunflower,sunflower
data/test/sunflower/5032376020_2ed312306c.jpg,sunflower,sunflower
data/test/sunflower/14741813110_94964c39e2_n.jpg,sunflower,sunflower
data/test/sunflower/2588453601_66f2a03cca_n.jpg,sunflower,sunflower
data/test/sunflower/14244410747_22691ece4a_n.jpg,sunflower,sunflower
data/test/sunflower/9497774935_a7daec5433_n.jpg,sunflower,sunflower
data/test/sunflower/5967283168_90dd4daf28_n.jpg,sunflower,sunflower
data/test/sunflower/5180859236_60aa57ff9b_n.jpg,sunflower,dandelion
data/test/sunflower/15054865217_e398d0dc9f_n.jpg,sunflower,sunflower
data/test/sunflower/4932735566_2327bf319a.jpg,sunflower,sunflower
data/test/sunflower/5139969631_743880e01d_n.jpg,sunflower,sunflower
data/test/sunflower/7654774598_6b715a8d3e.jpg,sunflower,sunflower
data/test/sunflower/3196753837_411b03682d_n.jpg,sunflower,sunflower
data/test/sunflower/22183529245_ce13557515_m.jpg,sunflower,sunflower
data/test/sunflower/10386540106_1431e73086_m.jpg,sunflower,sunflower
data/test/sunflower/417251603_69f0ee57a9_m.jpg,sunflower,sunflower
data/test/sunflower/6042014768_b57f0bfc79_n.jpg,sunflower,sunflower
data/test/sunflower/9655029591_7a77f87500.jpg,sunflower,sunflower
data/test/sunflower/8174941335_56389b53e9_n.jpg,sunflower,sunflower
data/test/sunflower/20410533613_56da1cce7c.jpg,sunflower,sunflower
data/test/sunflower/20171662239_f69b6c12bd_n.jpg,sunflower,sunflower
data/test/sunflower/200288046_0032f322ff_n.jpg,sunflower,sunflower
data/test/sunflower/5231868667_f0baa71feb_n.jpg,sunflower,sunflower
data/test/sunflower/5994569021_749d5e2da3_n.jpg,sunflower,sunflower
data/test/sunflower/8249000137_eddfffa380_n.jpg,sunflower,sunflower
data/test/sunflower/6866250080_ae80df0cd5_m.jpg,sunflower,sunflower
data/test/sunflower/15042911059_b6153d94e7_n.jpg,sunflower,sunflower
data/test/tulip/8520482921_21dd204ebd_n.jpg,tulip,tulip
data/test/tulip/2294116183_a30d2aa2c1_m.jpg,tulip,tulip
data/test/tulip/17994129033_bbd0acba62_n.jpg,tulip,tulip
data/test/tulip/4572955407_87f4805c7b.jpg,tulip,tulip
data/test/tulip/9947385346_3a8cacea02_n.jpg,tulip,rose
data/test/tulip/17165583356_38cb1f231d_n.jpg,tulip,dandelion
data/test/tulip/8562853756_73778dac25_n.jpg,tulip,tulip
data/test/tulip/4042180234_64cd2859c9_m.jpg,tulip,tulip
data/test/tulip/16644790896_7b296ecd67_n.jpg,tulip,rose
data/test/tulip/5717950705_a5d53872e4_n.jpg,tulip,tulip
data/test/tulip/7447655334_e8f805ab95_m.jpg,tulip,tulip
data/test/tulip/20742669999_53de71a4c9_n.jpg,tulip,tulip
data/test/tulip/14253178581_4dfcedb4d3_n.jpg,tulip,rose
data/test/tulip/8669794378_97dda6036f_n.jpg,tulip,dandelion
data/test/tulip/8713398906_28e59a225a_n.jpg,tulip,rose
data/test/tulip/13979098645_50b9eebc02_n.jpg,tulip,rose
data/test/tulip/13176521023_4d7cc74856_m.jpg,tulip,sunflower
data/test/tulip/16700863150_ddaa4d89b4_n.jpg,tulip,tulip
data/test/tulip/3516271083_fba63b5861.jpg,tulip,tulip
data/test/tulip/14064731501_ea14b58161.jpg,tulip,rose
data/test/tulip/14487712670_aebe715525_m.jpg,tulip,rose
data/test/tulip/14069841878_f3ac9d788d_n.jpg,tulip,tulip
data/test/tulip/17291930305_79deae6a90_n.jpg,tulip,rose
data/test/tulip/4546316433_202cc68c55.jpg,tulip,rose
data/test/tulip/8697784345_e75913d220.jpg,tulip,tulip
data/test/tulip/8711277462_b43df5454b_m.jpg,tulip,tulip
data/test/tulip/4263272885_1a49ea5209.jpg,tulip,tulip
data/test/tulip/3516269489_cef36e87a6.jpg,tulip,tulip
data/test/tulip/3502685880_f026400dce_n.jpg,tulip,tulip
data/test/tulip/7166544280_9d975c4d9a_n.jpg,tulip,rose
data/test/tulip/17224410762_402455ed8f.jpg,tulip,sunflower
data/test/tulip/3254533919_cb0b8af26c.jpg,tulip,tulip
data/test/tulip/9446982168_06c4d71da3_n.jpg,tulip,rose
data/test/tulip/14861513337_4ef0bfa40d.jpg,tulip,tulip
data/test/tulip/17408197905_829c4d7940_m.jpg,tulip,tulip
data/test/tulip/8712270243_8512cf4fbd.jpg,tulip,tulip
data/test/tulip/5811022098_2523ca4e82.jpg,tulip,dandelion
data/test/tulip/3422915985_9bf7264d36.jpg,tulip,tulip
data/test/tulip/16568537758_67eb281aab_n.jpg,tulip,tulip
data/test/tulip/9019694597_2d3bbedb17.jpg,tulip,tulip
data/test/tulip/16074109313_2cc14c7d16.jpg,tulip,tulip
data/test/tulip/133858239_3eaa8a91fd_n.jpg,tulip,tulip
data/test/tulip/8729501081_b993185542_m.jpg,tulip,dandelion
data/test/tulip/17189456156_6fc1067831.jpg,tulip,tulip
data/test/tulip/3404038663_f62cf8eba3_n.jpg,tulip,rose
data/test/tulip/19892310888_9bbdec4ea7_n.jpg,tulip,tulip
data/test/tulip/11746548_26b3256922_n.jpg,tulip,tulip
data/test/tulip/5043225469_0aa23f3c8f_n.jpg,tulip,tulip
data/test/tulip/14067778605_0285b7cc3a.jpg,tulip,sunflower
data/test/tulip/19732081840_f573a3827d_n.jpg,tulip,rose
data/test/tulip/8712263493_3db76c5f82.jpg,tulip,tulip
data/test/tulip/16138212287_643bf336e1_m.jpg,tulip,tulip
data/test/tulip/14090534565_5857ce4b7c_n.jpg,tulip,tulip
data/test/tulip/14014595475_5892fcda51_n.jpg,tulip,rose
data/test/tulip/2351637471_5dd34fd3ac_n.jpg,tulip,tulip
data/test/tulip/14256494695_741a989ebb_n.jpg,tulip,tulip
data/test/tulip/16645809126_613b1e3ebe_m.jpg,tulip,tulip
data/test/tulip/7166616072_1233051d98_n.jpg,tulip,rose
data/test/tulip/1353748522_b9c630b162.jpg,tulip,sunflower
data/test/tulip/8585102511_fc452e6700_n.jpg,tulip,tulip
data/test/tulip/142235237_da662d925c.jpg,tulip,tulip
data/test/tulip/17146928665_600fa3a1f1_n.jpg,tulip,tulip
data/test/tulip/16862349256_0a1f91ab53.jpg,tulip,tulip
data/test/tulip/4575963749_2418ff8768.jpg,tulip,tulip
data/test/tulip/5718513354_673b6e8306_n.jpg,tulip,rose
data/test/tulip/7166552648_28b6dce578.jpg,tulip,rose
data/test/tulip/5674170543_73e3f403fb.jpg,tulip,tulip
data/test/tulip/13289268363_b9337d751e.jpg,tulip,sunflower
data/test/tulip/15052586652_56a82de133_m.jpg,tulip,tulip
data/test/tulip/5632006303_15acd2cf1e_n.jpg,tulip,tulip
data/test/tulip/444963906_e41492b692.jpg,tulip,tulip
data/test/tulip/133692329_c1150ed811_n.jpg,tulip,tulip
data/test/tulip/5674134129_2db5136cba.jpg,tulip,tulip
data/test/tulip/13509967925_eaaeefa396_m.jpg,tulip,dandelion
data/test/tulip/5674127693_1ddbd81097.jpg,tulip,tulip
data/test/tulip/8908062479_449200a1b4.jpg,tulip,tulip
data/test/tulip/5430796647_f21b7b0fea.jpg,tulip,sunflower
data/test/tulip/5670916806_df4316006f_n.jpg,tulip,dandelion
data/test/tulip/7166552648_28b6dce578_n.jpg,tulip,rose
data/test/tulip/14255917256_84c23c572b.jpg,tulip,rose
data/test/tulip/14069842098_7a7bd956bf_n.jpg,tulip,rose
data/test/tulip/13903988248_22da33f341.jpg,tulip,tulip
data/test/tulip/113902743_8f537f769b_n.jpg,tulip,dandelion
data/test/tulip/405035580_94b793e71d.jpg,tulip,tulip
data/test/tulip/4521496161_2b41d4182e.jpg,tulip,tulip
data/test/tulip/5691100579_4a2767360a.jpg,tulip,tulip
data/test/tulip/5682463466_d3e641cb8b.jpg,tulip,tulip
data/test/tulip/16283125269_4cfae953f1.jpg,tulip,tulip
data/test/tulip/8688502760_1c8d6de921_m.jpg,tulip,dandelion
data/test/tulip/14071516088_b526946e17_n.jpg,tulip,rose
data/test/tulip/16506668270_b823935dc3.jpg,tulip,rose
data/test/tulip/3459922572_bc8516b5fe_m.jpg,tulip,sunflower
data/test/tulip/14087361621_9fefb8dbef.jpg,tulip,tulip
data/test/tulip/12916441224_2ed63596f8_n.jpg,tulip,tulip
data/test/tulip/5552198702_35856ed8ec.jpg,tulip,sunflower
data/test/tulip/8586204750_2891bd2ec9_n.jpg,tulip,tulip
data/test/tulip/5633266048_4f4bfb2cf1_n.jpg,tulip,tulip
data/test/tulip/2813649953_2b0f20fe94_n.jpg,tulip,tulip
data/test/tulip/16062072523_1be3c0b61f.jpg,tulip,dandelion
data/test/tulip/4624404489_11e10fcd33_n.jpg,tulip,sunflower
data/test/tulip/19324610724_1facd379ed_n.jpg,tulip,tulip
data/test/tulip/12934201824_1c8b5171fb_m.jpg,tulip,dandelion
data/test/tulip/13562266594_69b807f90c.jpg,tulip,tulip
data/test/tulip/19759207480_679167eacd_n.jpg,tulip,rose
data/test/tulip/20868629268_5ded9803b5_n.jpg,tulip,tulip
data/test/tulip/20152653918_009a39f323_n.jpg,tulip,rose
data/test/tulip/7144016605_e159b6c06b_m.jpg,tulip,tulip
data/test/tulip/14097745904_436c4ba1b4_n.jpg,tulip,tulip
data/test/tulip/8603340662_0779bd87fd.jpg,tulip,tulip
data/test/tulip/8586205168_8294e67195_n.jpg,tulip,tulip
data/test/tulip/5674695558_61397a1584.jpg,tulip,tulip
data/test/tulip/14068295074_cd8b85bffa.jpg,tulip,tulip
data/test/tulip/20708492111_35757c490f_n.jpg,tulip,tulip
data/test/tulip/4573822295_5c5c6a5f6a.jpg,tulip,tulip
data/test/tulip/21084189635_425ca69aa0_n.jpg,tulip,tulip
data/test/tulip/16938892686_3613ea68e8_n.jpg,tulip,sunflower
data/test/tulip/13561908485_7e4f8d508b.jpg,tulip,rose
data/test/tulip/17078716890_68e0723389_n.jpg,tulip,rose
data/test/tulip/15881325303_f00807a051_n.jpg,tulip,tulip
data/test/tulip/7166539842_43b7e02883.jpg,tulip,tulip
data/test/tulip/16392425347_2f5232a26d_n.jpg,tulip,rose
data/test/tulip/14671196461_b725727229_m.jpg,tulip,dandelion
data/test/tulip/8695372372_302135aeb2.jpg,tulip,tulip
data/test/tulip/112334842_3ecf7585dd.jpg,tulip,rose
data/test/tulip/7166626128_8e0983ac8e_n.jpg,tulip,tulip
data/test/tulip/471298577_cc7558bcf1.jpg,tulip,sunflower
data/test/tulip/13531001134_72052100e1_m.jpg,tulip,tulip
data/test/tulip/8762193202_0fbf2f6a81.jpg,tulip,tulip
data/test/tulip/8758519201_16e8d2d781_n.jpg,tulip,tulip
data/test/tulip/4591323356_030d8b6967_m.jpg,tulip,tulip
data/test/tulip/14254839301_ffb19c6445_n.jpg,tulip,tulip
data/test/tulip/19884050362_347e5342f2_n.jpg,tulip,dandelion
data/test/tulip/142235017_07816937c6.jpg,tulip,tulip
data/test/tulip/4516198427_0e5099cd8e.jpg,tulip,tulip
data/test/tulip/16265876844_0a149c4f76.jpg,tulip,tulip
data/test/tulip/8817622133_a42bb90e38_n.jpg,tulip,tulip
data/test/tulip/13979098015_e8c98fd34e_n.jpg,tulip,tulip
data/test/tulip/16569932139_4367c92f82_n.jpg,tulip,tulip
data/test/tulip/17908793211_ff0f1f81d3_n.jpg,tulip,sunflower
data/test/tulip/7068715863_a534ac7884_n.jpg,tulip,dandelion
data/test/tulip/4521037085_70d5802e1d_m.jpg,tulip,tulip
data/test/tulip/5717951743_365f3f64b9_n.jpg,tulip,dandelion
data/test/tulip/14068378204_7b26baa30d_n.jpg,tulip,tulip
data/test/tulip/17291908295_dc7d45ae9b_n.jpg,tulip,tulip
data/test/tulip/14069838529_152b5f559d_n.jpg,tulip,tulip
data/test/tulip/2399982682_16929d1f6d_n.jpg,tulip,tulip
data/test/tulip/8585102913_d80d3e2ff7_n.jpg,tulip,tulip
data/test/tulip/15516715153_08abc9bb20_n.jpg,tulip,tulip
data/test/tulip/113291410_1bdc718ed8_n.jpg,tulip,tulip
data/test/tulip/6187740107_9813ccc41e.jpg,tulip,dandelion
data/test/tulip/3476945045_97ff41e8ec_n.jpg,tulip,rose
data/test/tulip/32465197894_71dde519ae_n.jpg,tulip,rose
data/test/tulip/5718781677_d5e9267115_n.jpg,tulip,tulip
data/test/tulip/8712268519_f4c2c39a06_n.jpg,tulip,tulip
data/test/tulip/9831362123_5aac525a99_n.jpg,tulip,tulip
data/test/tulip/6958343928_7e596da4ed_m.jpg,tulip,tulip
data/test/tulip/6982913043_3b873c6a25.jpg,tulip,rose
data/test/tulip/12548574923_5e90f4ceea.jpg,tulip,tulip
data/test/tulip/13903946578_187f904c9a_n.jpg,tulip,tulip
data/test/tulip/11746276_de3dec8201.jpg,tulip,rose
data/test/tulip/5666286130_1dc6f66f09_n.jpg,tulip,rose
data/test/tulip/3433265727_0b8022e091.jpg,tulip,tulip
data/test/tulip/18378582936_ee7085c850.jpg,tulip,tulip
data/test/tulip/4312181724_16dab26afb_n.jpg,tulip,tulip
data/test/tulip/7166574936_3d93a510c5_n.jpg,tulip,dandelion
data/test/tulip/7166558370_f7f68983ea_n.jpg,tulip,dandelion
data/test/tulip/12557176134_ecbf15885b.jpg,tulip,tulip
data/test/tulip/5012813078_99fb977616_n.jpg,tulip,tulip
data/test/tulip/14270573963_f122c40438.jpg,tulip,rose
data/test/tulip/133960364_d87f883c15_n.jpg,tulip,tulip
data/test/tulip/13514131694_d91da4f4fc.jpg,tulip,dandelion
data/test/tulip/6808860548_53796b90ca_n.jpg,tulip,tulip
data/test/tulip/14074147406_7ab87aec79_n.jpg,tulip,tulip
data/test/tulip/8585101979_4398146bf1_n.jpg,tulip,tulip
data/test/tulip/14256111494_f9985585f5_n.jpg,tulip,tulip
data/test/tulip/6936168062_a31c28b77c_m.jpg,tulip,tulip
data/test/tulip/3511104954_54eace015c_n.jpg,tulip,tulip
data/test/tulip/4522130258_9ee44cf73f_m.jpg,tulip,tulip
data/test/tulip/8706523526_a0f161b72b.jpg,tulip,tulip
data/test/tulip/14055574740_bb6a11e983_n.jpg,tulip,rose
data/test/tulip/6903831250_a2757fff82_m.jpg,tulip,dandelion
data/test/tulip/924782410_94ed7913ca_m.jpg,tulip,tulip
data/test/tulip/15647243236_2778501cf5_n.jpg,tulip,tulip
data/test/tulip/2434178332_7fcf85aa95_n.jpg,tulip,tulip
data/test/tulip/14149603605_eedfe9678c_n.jpg,tulip,rose
data/test/tulip/3430229687_32645b5738.jpg,tulip,dandelion
data/test/tulip/14491997336_36ba524713.jpg,tulip,tulip
data/test/tulip/21065300966_6be98a8cd0_n.jpg,tulip,tulip
data/test/tulip/5680695867_baff72fc7c.jpg,tulip,tulip
data/test/tulip/8554190977_37ac747799_m.jpg,tulip,tulip
data/test/tulip/112650879_82adc2cc04_n.jpg,tulip,tulip
data/test/tulip/8623170936_83f4152431.jpg,tulip,tulip
data/test/tulip/3457017604_90e4de7480_m.jpg,tulip,tulip
data/test/tulip/7166606598_5d2cd307c3_n.jpg,tulip,tulip
data/test/tulip/3485767306_6db7bdf536.jpg,tulip,dandelion
data/test/tulip/7166618384_850905fc63_n.jpg,tulip,tulip
